id,firstname,lastname,dbo,email
1,Genia,Blodgetts,2022-11-04,gblodgetts0@yellowpages.com
2,Moises,Riggs,1983-04-08,mriggs1@psu.edu
3,Timoteo,Gleeton,1993-07-05,tgleeton2@nsw.gov.au
4,Freddy,Leddie,1984-06-02,fleddie3@samsung.com
5,Sharl,Mole,2013-12-28,smole4@fc2.com
6,Ailyn,Caramuscia,1996-09-08,acaramuscia5@google.ru
7,Alana,McNab,2015-11-10,amcnab6@tinypic.com
8,Nikki,Kneesha,1984-07-09,nkneesha7@51.la
9,Giselle,Gaynor,2016-05-10,ggaynor8@sogou.com
10,Bonni,Cruddas,2008-10-22,bcruddas9@vistaprint.com
11,Moise,Barkus,2020-07-26,mbarkusa@dion.ne.jp
12,Tome,Brisley,1998-01-24,tbrisleyb@wsj.com
13,Kelwin,Dunbabin,1994-07-07,kdunbabinc@mail.ru
14,Allie,Baxter,1993-03-30,abaxterd@china.com.cn
15,Jermaine,McGrayle,2023-05-15,jmcgraylee@nationalgeographic.com
16,Ermengarde,Barham,1984-03-18,ebarhamf@so-net.ne.jp
17,Mamie,Audley,2018-04-04,maudleyg@nasa.gov
18,Hubert,Pirrey,2003-02-18,hpirreyh@topsy.com
19,Edi,Parriss,2022-02-22,eparrissi@sakura.ne.jp
20,Lari,Orr,1996-07-21,lorrj@shop-pro.jp
21,Maurita,Vondruska,1996-07-03,mvondruskak@europa.eu
22,Gabi,Halliwell,1991-02-08,ghalliwelll@engadget.com
23,Jannel,Jedryka,1991-10-18,jjedrykam@bravesites.com
24,Dory,Bamling,2001-01-18,dbamlingn@zdnet.com
25,Karylin,Beaconsall,2017-10-23,kbeaconsallo@mayoclinic.com
26,Benni,Horsey,2001-11-29,bhorseyp@digg.com
27,Bronnie,Waymont,1994-10-03,bwaymontq@noaa.gov
28,Nestor,Swafield,2009-08-12,nswafieldr@theguardian.com
29,Erma,Droogan,2015-07-30,edroogans@list-manage.com
30,Willa,Kob,2020-05-28,wkobt@statcounter.com
